Task,Question_ID,question,category,Answer_ID_RAG,Prompt,actual answer,match?
phi_2,question 0,What is the purpose of the Nmfaf_3daDataManagement_Deconfigure service operation? [3GPP Release 18],Standards specifications,['1'],"
    Instruct:
    Please provide the answers to the following multiple choice question.
    What is the purpose of the Nmfaf_3daDataManagement_Deconfigure service operation? [3GPP Release 18]

Terms and Definitions:

Service: a component of the portfolio of choices offered by service providers to a user, a functionality offered to a user


Abbreviations:

3G: 3rd Generation
3GPP: Third Generation Partnership Project
GP: Guard Period
PP: Point-to-Point



    Considering the following context:
    E
r
r
o
r
 
i
n
 
p
r
o
c
e
s
s
i
n
g

    Please provide the answers to the following multiple choice question.
    What is the purpose of the Nmfaf_3daDataManagement_Deconfigure service operation? [3GPP Release 18]
    The output should be in the format: Option <Option id>

    Options:
    Write only the option number corresponding to the correct answer:
option 1: To configure the MFAF to map data or analytics received by the MFAF to out-bound notification endpoints
option 2: To configure the MFAF to stop mapping data or analytics received by the MFAF to out-bound notification endpoints
option 3: To supply data or analytics from the MFAF to notification endpoints
option 4: To fetch data or analytics from the MFAF based on fetch instructions

    Output:
    ",option 2: To configure the MFAF to stop mapping data or analytics received by the MFAF to out-bound notification endpoints,False
phi_2,question 1,Which non-orthogonal multiple access scheme utilizes the low-complexity message passing algorithm at the receiver for user data detection?,Research publications,"['2', '2']","
    Instruct:
    Please provide the answers to the following multiple choice question.
    Which non-orthogonal multiple access scheme utilizes the low-complexity message passing algorithm at the receiver for user data detection?

Terms and Definitions:

User: An entity, not part of the 3GPP System , which uses 3GPP System services. Example: a person using a 3GPP System mobile station as a portable telephone


Abbreviations:





    Considering the following context:
    E
r
r
o
r
 
i
n
 
p
r
o
c
e
s
s
i
n
g

    Please provide the answers to the following multiple choice question.
    Which non-orthogonal multiple access scheme utilizes the low-complexity message passing algorithm at the receiver for user data detection?
    The output should be in the format: Option <Option id>

    Options:
    Write only the option number corresponding to the correct answer:
option 1: NOMA
option 2: PDMA
option 3: MUSA
option 4: MUST
option 5: SCMA

    Output:
    ",option 5: SCMA,False
